link;idAnuncio
http://dummyimage.com/194x241.bmp/ff4444/ffffff;56
http://dummyimage.com/152x249.jpg/dddddd/000000;72
http://dummyimage.com/125x184.bmp/ff4444/ffffff;67
http://dummyimage.com/174x193.jpg/ff4444/ffffff;59
http://dummyimage.com/203x177.bmp/cc0000/ffffff;63
http://dummyimage.com/124x207.jpg/ff4444/ffffff;56
http://dummyimage.com/144x113.bmp/cc0000/ffffff;61
http://dummyimage.com/231x207.png/dddddd/000000;59
http://dummyimage.com/174x204.jpg/5fa2dd/ffffff;31
http://dummyimage.com/213x106.png/cc0000/ffffff;42
http://dummyimage.com/218x137.bmp/ff4444/ffffff;60
http://dummyimage.com/238x211.bmp/5fa2dd/ffffff;13
http://dummyimage.com/225x139.bmp/dddddd/000000;20
http://dummyimage.com/228x188.jpg/cc0000/ffffff;47
http://dummyimage.com/239x152.jpg/cc0000/ffffff;90
http://dummyimage.com/149x102.bmp/dddddd/000000;69
http://dummyimage.com/165x237.jpg/ff4444/ffffff;64
http://dummyimage.com/144x120.png/cc0000/ffffff;14
http://dummyimage.com/175x232.png/cc0000/ffffff;93
http://dummyimage.com/231x245.bmp/cc0000/ffffff;90
http://dummyimage.com/135x190.bmp/ff4444/ffffff;6
http://dummyimage.com/214x114.png/5fa2dd/ffffff;58
http://dummyimage.com/222x167.bmp/5fa2dd/ffffff;98
http://dummyimage.com/137x156.png/dddddd/000000;2
http://dummyimage.com/135x187.bmp/ff4444/ffffff;80
http://dummyimage.com/177x247.png/5fa2dd/ffffff;76
http://dummyimage.com/220x147.bmp/5fa2dd/ffffff;50
http://dummyimage.com/209x137.bmp/5fa2dd/ffffff;34
http://dummyimage.com/228x190.png/dddddd/000000;93
http://dummyimage.com/124x148.bmp/5fa2dd/ffffff;16
http://dummyimage.com/134x126.jpg/5fa2dd/ffffff;70
http://dummyimage.com/114x146.png/5fa2dd/ffffff;15
http://dummyimage.com/150x209.png/5fa2dd/ffffff;61
http://dummyimage.com/243x179.png/dddddd/000000;74
http://dummyimage.com/217x156.png/5fa2dd/ffffff;9
http://dummyimage.com/190x241.png/cc0000/ffffff;33
http://dummyimage.com/205x198.png/5fa2dd/ffffff;18
http://dummyimage.com/103x204.jpg/5fa2dd/ffffff;44
http://dummyimage.com/186x124.jpg/cc0000/ffffff;57
http://dummyimage.com/170x173.png/5fa2dd/ffffff;86
http://dummyimage.com/185x110.jpg/5fa2dd/ffffff;57
http://dummyimage.com/195x214.bmp/cc0000/ffffff;14
http://dummyimage.com/179x208.png/5fa2dd/ffffff;49
http://dummyimage.com/137x202.jpg/ff4444/ffffff;54
http://dummyimage.com/115x106.png/ff4444/ffffff;41
http://dummyimage.com/114x218.png/ff4444/ffffff;72
http://dummyimage.com/110x245.jpg/dddddd/000000;13
http://dummyimage.com/239x110.png/5fa2dd/ffffff;56
http://dummyimage.com/226x178.png/cc0000/ffffff;22
http://dummyimage.com/193x250.bmp/ff4444/ffffff;28
http://dummyimage.com/229x243.bmp/5fa2dd/ffffff;98
http://dummyimage.com/117x203.jpg/ff4444/ffffff;79
http://dummyimage.com/169x155.bmp/ff4444/ffffff;55
http://dummyimage.com/203x205.png/5fa2dd/ffffff;40
http://dummyimage.com/188x245.jpg/cc0000/ffffff;8
http://dummyimage.com/126x224.bmp/5fa2dd/ffffff;52
http://dummyimage.com/217x127.bmp/ff4444/ffffff;55
http://dummyimage.com/246x120.png/5fa2dd/ffffff;68
http://dummyimage.com/229x154.bmp/dddddd/000000;15
http://dummyimage.com/142x129.png/5fa2dd/ffffff;28
http://dummyimage.com/150x171.bmp/5fa2dd/ffffff;15
http://dummyimage.com/125x148.png/cc0000/ffffff;5
http://dummyimage.com/224x197.bmp/5fa2dd/ffffff;58
http://dummyimage.com/201x237.jpg/ff4444/ffffff;76
http://dummyimage.com/177x226.bmp/dddddd/000000;80
http://dummyimage.com/206x145.png/ff4444/ffffff;58
http://dummyimage.com/158x154.bmp/dddddd/000000;74
http://dummyimage.com/235x143.bmp/5fa2dd/ffffff;59
http://dummyimage.com/150x142.png/5fa2dd/ffffff;19
http://dummyimage.com/165x212.jpg/ff4444/ffffff;67
http://dummyimage.com/161x240.jpg/cc0000/ffffff;4
http://dummyimage.com/207x142.bmp/5fa2dd/ffffff;72
http://dummyimage.com/127x215.jpg/cc0000/ffffff;3
http://dummyimage.com/154x172.bmp/5fa2dd/ffffff;96
http://dummyimage.com/242x176.png/dddddd/000000;56
http://dummyimage.com/229x191.png/5fa2dd/ffffff;56
http://dummyimage.com/203x104.bmp/dddddd/000000;86
http://dummyimage.com/244x120.png/ff4444/ffffff;40
http://dummyimage.com/242x107.jpg/cc0000/ffffff;85
http://dummyimage.com/182x128.jpg/ff4444/ffffff;87
http://dummyimage.com/228x134.png/cc0000/ffffff;62
http://dummyimage.com/209x181.png/cc0000/ffffff;54
http://dummyimage.com/235x198.bmp/dddddd/000000;35
http://dummyimage.com/181x127.png/cc0000/ffffff;5
http://dummyimage.com/129x161.png/ff4444/ffffff;28
http://dummyimage.com/174x141.png/ff4444/ffffff;35
http://dummyimage.com/148x105.bmp/cc0000/ffffff;67
http://dummyimage.com/130x137.bmp/ff4444/ffffff;54
http://dummyimage.com/171x181.bmp/cc0000/ffffff;33
http://dummyimage.com/239x150.png/cc0000/ffffff;72
http://dummyimage.com/126x228.png/cc0000/ffffff;6
http://dummyimage.com/225x165.png/ff4444/ffffff;94
http://dummyimage.com/238x166.bmp/5fa2dd/ffffff;84
http://dummyimage.com/159x249.jpg/5fa2dd/ffffff;29
http://dummyimage.com/213x167.bmp/cc0000/ffffff;12
http://dummyimage.com/222x223.bmp/cc0000/ffffff;84
http://dummyimage.com/106x240.png/ff4444/ffffff;23
http://dummyimage.com/232x116.jpg/dddddd/000000;55
http://dummyimage.com/129x154.bmp/5fa2dd/ffffff;90
http://dummyimage.com/177x220.bmp/cc0000/ffffff;95
http://dummyimage.com/213x192.jpg/ff4444/ffffff;58
http://dummyimage.com/228x229.png/cc0000/ffffff;11
http://dummyimage.com/210x223.png/5fa2dd/ffffff;70
http://dummyimage.com/185x111.png/ff4444/ffffff;43
http://dummyimage.com/138x246.jpg/dddddd/000000;64
http://dummyimage.com/216x228.bmp/dddddd/000000;59
http://dummyimage.com/185x176.bmp/5fa2dd/ffffff;67
http://dummyimage.com/171x140.png/cc0000/ffffff;50
http://dummyimage.com/198x120.png/cc0000/ffffff;51
http://dummyimage.com/215x194.png/dddddd/000000;18
http://dummyimage.com/144x131.jpg/ff4444/ffffff;82
http://dummyimage.com/182x247.png/dddddd/000000;18
http://dummyimage.com/235x250.png/dddddd/000000;87
http://dummyimage.com/139x152.png/ff4444/ffffff;19
http://dummyimage.com/187x205.bmp/dddddd/000000;9
http://dummyimage.com/223x118.bmp/5fa2dd/ffffff;56
http://dummyimage.com/166x166.png/cc0000/ffffff;50
http://dummyimage.com/212x193.bmp/5fa2dd/ffffff;7
http://dummyimage.com/101x220.jpg/dddddd/000000;100
http://dummyimage.com/163x207.jpg/ff4444/ffffff;23
http://dummyimage.com/235x236.bmp/dddddd/000000;15
http://dummyimage.com/171x233.bmp/5fa2dd/ffffff;15
http://dummyimage.com/149x163.bmp/dddddd/000000;88
http://dummyimage.com/137x187.bmp/ff4444/ffffff;22
http://dummyimage.com/133x101.jpg/ff4444/ffffff;47
http://dummyimage.com/125x102.bmp/dddddd/000000;85
http://dummyimage.com/207x160.bmp/dddddd/000000;40
http://dummyimage.com/101x218.png/ff4444/ffffff;51
http://dummyimage.com/140x200.png/ff4444/ffffff;87
http://dummyimage.com/159x178.png/dddddd/000000;43
http://dummyimage.com/192x219.png/5fa2dd/ffffff;81
http://dummyimage.com/149x106.jpg/5fa2dd/ffffff;45
http://dummyimage.com/145x239.png/ff4444/ffffff;77
http://dummyimage.com/107x225.png/cc0000/ffffff;80
http://dummyimage.com/205x149.jpg/cc0000/ffffff;41
http://dummyimage.com/189x122.bmp/ff4444/ffffff;72
http://dummyimage.com/249x107.jpg/ff4444/ffffff;74
http://dummyimage.com/236x231.png/dddddd/000000;80
http://dummyimage.com/250x154.png/5fa2dd/ffffff;50
http://dummyimage.com/123x156.jpg/ff4444/ffffff;100
http://dummyimage.com/174x172.png/cc0000/ffffff;59
http://dummyimage.com/210x158.bmp/dddddd/000000;96
http://dummyimage.com/125x164.jpg/cc0000/ffffff;16
http://dummyimage.com/154x106.png/ff4444/ffffff;98
http://dummyimage.com/239x234.jpg/5fa2dd/ffffff;45
http://dummyimage.com/114x214.jpg/cc0000/ffffff;51
http://dummyimage.com/195x193.jpg/cc0000/ffffff;96
http://dummyimage.com/225x195.jpg/cc0000/ffffff;88
http://dummyimage.com/239x227.png/dddddd/000000;36
http://dummyimage.com/230x195.jpg/5fa2dd/ffffff;4
http://dummyimage.com/233x207.png/cc0000/ffffff;53
http://dummyimage.com/152x117.bmp/dddddd/000000;47
http://dummyimage.com/167x116.png/cc0000/ffffff;10
http://dummyimage.com/219x100.png/dddddd/000000;100
http://dummyimage.com/134x216.bmp/ff4444/ffffff;6
http://dummyimage.com/243x111.jpg/cc0000/ffffff;76
http://dummyimage.com/228x133.png/5fa2dd/ffffff;31
http://dummyimage.com/179x145.png/5fa2dd/ffffff;26
http://dummyimage.com/106x112.png/ff4444/ffffff;90
http://dummyimage.com/200x235.bmp/cc0000/ffffff;5
http://dummyimage.com/155x226.png/dddddd/000000;1
http://dummyimage.com/119x113.bmp/cc0000/ffffff;76
http://dummyimage.com/227x118.png/ff4444/ffffff;29
http://dummyimage.com/187x248.jpg/ff4444/ffffff;55
http://dummyimage.com/112x129.bmp/cc0000/ffffff;28
http://dummyimage.com/213x248.bmp/5fa2dd/ffffff;29
http://dummyimage.com/132x178.bmp/ff4444/ffffff;85
http://dummyimage.com/199x207.bmp/5fa2dd/ffffff;14
http://dummyimage.com/214x115.jpg/cc0000/ffffff;63
http://dummyimage.com/180x189.bmp/ff4444/ffffff;61
http://dummyimage.com/191x219.jpg/5fa2dd/ffffff;5
http://dummyimage.com/138x103.bmp/dddddd/000000;87
http://dummyimage.com/237x145.bmp/5fa2dd/ffffff;6
http://dummyimage.com/182x125.png/dddddd/000000;65
http://dummyimage.com/182x148.jpg/dddddd/000000;72
http://dummyimage.com/175x210.bmp/cc0000/ffffff;57
http://dummyimage.com/179x238.jpg/5fa2dd/ffffff;2
http://dummyimage.com/100x220.bmp/ff4444/ffffff;71
http://dummyimage.com/179x130.bmp/ff4444/ffffff;37
http://dummyimage.com/172x233.jpg/ff4444/ffffff;53
http://dummyimage.com/238x232.bmp/dddddd/000000;11
http://dummyimage.com/111x159.bmp/ff4444/ffffff;94
http://dummyimage.com/194x245.bmp/ff4444/ffffff;88
http://dummyimage.com/229x103.jpg/ff4444/ffffff;93
http://dummyimage.com/114x168.bmp/dddddd/000000;20
http://dummyimage.com/209x169.png/ff4444/ffffff;61
http://dummyimage.com/234x185.jpg/cc0000/ffffff;99
http://dummyimage.com/148x144.jpg/dddddd/000000;35
http://dummyimage.com/107x125.png/ff4444/ffffff;84
http://dummyimage.com/244x213.jpg/dddddd/000000;93
http://dummyimage.com/192x164.jpg/5fa2dd/ffffff;22
http://dummyimage.com/238x245.png/ff4444/ffffff;55
http://dummyimage.com/157x135.png/5fa2dd/ffffff;91
http://dummyimage.com/201x149.jpg/5fa2dd/ffffff;26
http://dummyimage.com/120x141.png/cc0000/ffffff;33
http://dummyimage.com/157x207.bmp/5fa2dd/ffffff;11
http://dummyimage.com/247x123.png/5fa2dd/ffffff;16
http://dummyimage.com/104x140.bmp/ff4444/ffffff;91
http://dummyimage.com/147x241.jpg/5fa2dd/ffffff;56
http://dummyimage.com/180x126.jpg/cc0000/ffffff;59
http://dummyimage.com/140x198.jpg/ff4444/ffffff;15
http://dummyimage.com/106x232.bmp/dddddd/000000;62
http://dummyimage.com/214x243.bmp/ff4444/ffffff;74
http://dummyimage.com/235x192.jpg/ff4444/ffffff;31
http://dummyimage.com/238x172.png/cc0000/ffffff;89
http://dummyimage.com/123x114.png/ff4444/ffffff;61
http://dummyimage.com/199x142.png/cc0000/ffffff;23
http://dummyimage.com/136x174.png/5fa2dd/ffffff;35
http://dummyimage.com/225x151.jpg/dddddd/000000;26
http://dummyimage.com/102x166.jpg/5fa2dd/ffffff;29
http://dummyimage.com/142x203.jpg/cc0000/ffffff;59
http://dummyimage.com/226x243.png/ff4444/ffffff;60
http://dummyimage.com/135x159.jpg/5fa2dd/ffffff;18
http://dummyimage.com/218x129.bmp/5fa2dd/ffffff;74
http://dummyimage.com/164x180.png/5fa2dd/ffffff;64
http://dummyimage.com/149x109.png/5fa2dd/ffffff;45
http://dummyimage.com/237x169.jpg/ff4444/ffffff;43
http://dummyimage.com/239x201.png/ff4444/ffffff;63
http://dummyimage.com/127x100.bmp/dddddd/000000;20
http://dummyimage.com/197x238.png/5fa2dd/ffffff;74
http://dummyimage.com/142x219.png/dddddd/000000;32
http://dummyimage.com/120x245.jpg/cc0000/ffffff;54
http://dummyimage.com/217x120.png/dddddd/000000;89
http://dummyimage.com/140x196.png/5fa2dd/ffffff;36
http://dummyimage.com/108x200.bmp/5fa2dd/ffffff;100
http://dummyimage.com/195x111.bmp/ff4444/ffffff;7
http://dummyimage.com/224x218.png/dddddd/000000;7
http://dummyimage.com/109x173.png/ff4444/ffffff;95
http://dummyimage.com/124x248.jpg/dddddd/000000;30
http://dummyimage.com/187x235.bmp/5fa2dd/ffffff;84
http://dummyimage.com/143x205.jpg/5fa2dd/ffffff;97
http://dummyimage.com/215x163.bmp/ff4444/ffffff;73
http://dummyimage.com/155x138.jpg/ff4444/ffffff;93
http://dummyimage.com/181x141.jpg/ff4444/ffffff;69
http://dummyimage.com/108x179.png/cc0000/ffffff;20
http://dummyimage.com/108x117.bmp/dddddd/000000;85
http://dummyimage.com/207x236.bmp/dddddd/000000;73
http://dummyimage.com/127x211.png/ff4444/ffffff;69
http://dummyimage.com/182x110.png/dddddd/000000;55
http://dummyimage.com/180x242.jpg/5fa2dd/ffffff;79
http://dummyimage.com/242x215.png/5fa2dd/ffffff;37
http://dummyimage.com/120x124.jpg/5fa2dd/ffffff;44
http://dummyimage.com/152x200.png/dddddd/000000;75
http://dummyimage.com/235x217.jpg/dddddd/000000;82
http://dummyimage.com/230x215.jpg/ff4444/ffffff;70
http://dummyimage.com/226x153.bmp/cc0000/ffffff;43
http://dummyimage.com/136x105.png/ff4444/ffffff;4
http://dummyimage.com/184x130.bmp/5fa2dd/ffffff;15
http://dummyimage.com/168x214.bmp/dddddd/000000;100
http://dummyimage.com/230x159.png/ff4444/ffffff;75
http://dummyimage.com/209x211.jpg/5fa2dd/ffffff;51
http://dummyimage.com/211x118.jpg/5fa2dd/ffffff;61
http://dummyimage.com/166x218.png/dddddd/000000;3
http://dummyimage.com/177x169.jpg/ff4444/ffffff;94
http://dummyimage.com/216x184.bmp/ff4444/ffffff;69
http://dummyimage.com/152x193.png/cc0000/ffffff;63
http://dummyimage.com/158x163.png/dddddd/000000;12
http://dummyimage.com/227x229.png/dddddd/000000;1
http://dummyimage.com/179x178.bmp/ff4444/ffffff;91
http://dummyimage.com/235x204.bmp/dddddd/000000;50
http://dummyimage.com/175x147.png/cc0000/ffffff;43
http://dummyimage.com/200x123.png/cc0000/ffffff;98
http://dummyimage.com/149x116.jpg/cc0000/ffffff;81
http://dummyimage.com/228x227.jpg/cc0000/ffffff;88
http://dummyimage.com/128x119.jpg/5fa2dd/ffffff;66
http://dummyimage.com/107x182.bmp/ff4444/ffffff;46
http://dummyimage.com/250x213.jpg/ff4444/ffffff;48
http://dummyimage.com/109x235.bmp/cc0000/ffffff;94
http://dummyimage.com/245x131.bmp/cc0000/ffffff;58
http://dummyimage.com/194x216.png/cc0000/ffffff;22
http://dummyimage.com/156x182.png/ff4444/ffffff;14
http://dummyimage.com/184x238.bmp/ff4444/ffffff;69
http://dummyimage.com/152x173.png/cc0000/ffffff;50
http://dummyimage.com/167x169.png/dddddd/000000;81
http://dummyimage.com/157x124.bmp/5fa2dd/ffffff;61
http://dummyimage.com/215x189.jpg/cc0000/ffffff;19
http://dummyimage.com/136x206.jpg/cc0000/ffffff;34
http://dummyimage.com/140x193.bmp/5fa2dd/ffffff;60
http://dummyimage.com/175x186.bmp/5fa2dd/ffffff;37
http://dummyimage.com/153x212.png/cc0000/ffffff;39
http://dummyimage.com/131x185.jpg/ff4444/ffffff;37
http://dummyimage.com/141x126.jpg/dddddd/000000;48
http://dummyimage.com/121x188.png/cc0000/ffffff;44
http://dummyimage.com/144x107.jpg/ff4444/ffffff;91
http://dummyimage.com/163x167.bmp/cc0000/ffffff;82
http://dummyimage.com/198x197.bmp/cc0000/ffffff;30
http://dummyimage.com/228x200.jpg/dddddd/000000;13
http://dummyimage.com/234x104.jpg/dddddd/000000;30
http://dummyimage.com/135x113.jpg/5fa2dd/ffffff;86
http://dummyimage.com/114x164.png/ff4444/ffffff;31
http://dummyimage.com/150x239.bmp/dddddd/000000;16
http://dummyimage.com/212x248.jpg/cc0000/ffffff;75
http://dummyimage.com/223x243.jpg/5fa2dd/ffffff;4
http://dummyimage.com/171x174.jpg/ff4444/ffffff;69
http://dummyimage.com/197x147.jpg/5fa2dd/ffffff;73
http://dummyimage.com/124x138.png/ff4444/ffffff;60
http://dummyimage.com/103x191.jpg/cc0000/ffffff;39
http://dummyimage.com/171x227.png/5fa2dd/ffffff;45
http://dummyimage.com/210x144.png/ff4444/ffffff;66
http://dummyimage.com/176x137.bmp/ff4444/ffffff;93
http://dummyimage.com/157x141.png/cc0000/ffffff;14
http://dummyimage.com/173x247.jpg/cc0000/ffffff;92
http://dummyimage.com/152x165.jpg/dddddd/000000;2
http://dummyimage.com/204x223.jpg/dddddd/000000;28
http://dummyimage.com/191x122.jpg/cc0000/ffffff;97
http://dummyimage.com/244x177.png/cc0000/ffffff;52
http://dummyimage.com/228x131.png/5fa2dd/ffffff;7
http://dummyimage.com/106x227.jpg/cc0000/ffffff;40
http://dummyimage.com/100x150.jpg/5fa2dd/ffffff;5
http://dummyimage.com/249x130.jpg/dddddd/000000;60
http://dummyimage.com/170x210.jpg/ff4444/ffffff;85
http://dummyimage.com/198x175.bmp/ff4444/ffffff;78
http://dummyimage.com/249x196.png/dddddd/000000;90
http://dummyimage.com/102x196.bmp/cc0000/ffffff;97
http://dummyimage.com/235x194.png/cc0000/ffffff;99
http://dummyimage.com/224x223.bmp/ff4444/ffffff;95
http://dummyimage.com/231x233.bmp/dddddd/000000;87
http://dummyimage.com/211x108.bmp/dddddd/000000;49
http://dummyimage.com/227x228.bmp/ff4444/ffffff;90
http://dummyimage.com/159x171.png/dddddd/000000;1
http://dummyimage.com/242x183.bmp/cc0000/ffffff;90
http://dummyimage.com/242x224.jpg/ff4444/ffffff;62
http://dummyimage.com/177x203.jpg/cc0000/ffffff;36
http://dummyimage.com/240x173.png/5fa2dd/ffffff;100
http://dummyimage.com/249x249.png/cc0000/ffffff;25
http://dummyimage.com/176x173.bmp/dddddd/000000;40
http://dummyimage.com/231x160.jpg/cc0000/ffffff;78
http://dummyimage.com/124x215.jpg/5fa2dd/ffffff;60
http://dummyimage.com/226x138.png/5fa2dd/ffffff;91
http://dummyimage.com/102x115.png/5fa2dd/ffffff;20
http://dummyimage.com/172x165.bmp/ff4444/ffffff;92
http://dummyimage.com/104x206.png/ff4444/ffffff;8
http://dummyimage.com/214x126.bmp/cc0000/ffffff;27
http://dummyimage.com/143x103.jpg/dddddd/000000;92
http://dummyimage.com/239x239.jpg/ff4444/ffffff;51
http://dummyimage.com/133x247.bmp/dddddd/000000;2
http://dummyimage.com/101x217.bmp/dddddd/000000;15
http://dummyimage.com/201x223.png/5fa2dd/ffffff;14
http://dummyimage.com/219x113.jpg/cc0000/ffffff;98
http://dummyimage.com/219x107.bmp/5fa2dd/ffffff;18
http://dummyimage.com/105x219.jpg/5fa2dd/ffffff;33
http://dummyimage.com/117x186.bmp/5fa2dd/ffffff;83
http://dummyimage.com/228x136.jpg/dddddd/000000;71
http://dummyimage.com/185x166.png/ff4444/ffffff;21
http://dummyimage.com/171x250.png/ff4444/ffffff;69
http://dummyimage.com/109x247.png/ff4444/ffffff;22
http://dummyimage.com/211x148.bmp/dddddd/000000;59
http://dummyimage.com/162x240.bmp/dddddd/000000;30
http://dummyimage.com/132x183.jpg/5fa2dd/ffffff;53
http://dummyimage.com/106x237.png/cc0000/ffffff;59
http://dummyimage.com/188x149.png/cc0000/ffffff;54
http://dummyimage.com/224x133.png/ff4444/ffffff;44
http://dummyimage.com/138x106.bmp/cc0000/ffffff;55
http://dummyimage.com/232x166.png/dddddd/000000;95
http://dummyimage.com/247x206.bmp/cc0000/ffffff;53
http://dummyimage.com/199x188.bmp/cc0000/ffffff;42
http://dummyimage.com/118x102.bmp/5fa2dd/ffffff;45
http://dummyimage.com/187x150.jpg/5fa2dd/ffffff;15
http://dummyimage.com/216x161.jpg/5fa2dd/ffffff;87
http://dummyimage.com/218x245.bmp/cc0000/ffffff;60
http://dummyimage.com/133x243.bmp/5fa2dd/ffffff;93
http://dummyimage.com/119x149.jpg/5fa2dd/ffffff;33
http://dummyimage.com/130x249.png/dddddd/000000;94
http://dummyimage.com/143x243.bmp/cc0000/ffffff;58
http://dummyimage.com/138x104.png/dddddd/000000;31
http://dummyimage.com/239x138.bmp/5fa2dd/ffffff;71
http://dummyimage.com/156x158.jpg/ff4444/ffffff;78
http://dummyimage.com/181x139.png/5fa2dd/ffffff;21
http://dummyimage.com/239x218.bmp/ff4444/ffffff;10
http://dummyimage.com/228x171.jpg/dddddd/000000;9
http://dummyimage.com/171x221.bmp/dddddd/000000;25
http://dummyimage.com/239x228.bmp/ff4444/ffffff;34
http://dummyimage.com/138x181.jpg/ff4444/ffffff;46
http://dummyimage.com/226x214.bmp/dddddd/000000;47
http://dummyimage.com/127x101.png/cc0000/ffffff;69
http://dummyimage.com/207x159.jpg/5fa2dd/ffffff;6
http://dummyimage.com/221x231.bmp/dddddd/000000;62
http://dummyimage.com/110x109.bmp/5fa2dd/ffffff;17
http://dummyimage.com/194x156.jpg/cc0000/ffffff;58
http://dummyimage.com/179x202.png/ff4444/ffffff;21
http://dummyimage.com/217x114.png/ff4444/ffffff;80
http://dummyimage.com/117x191.bmp/ff4444/ffffff;74
http://dummyimage.com/154x151.png/cc0000/ffffff;80
http://dummyimage.com/166x181.bmp/cc0000/ffffff;27
http://dummyimage.com/147x164.bmp/ff4444/ffffff;68
http://dummyimage.com/180x190.jpg/5fa2dd/ffffff;1
http://dummyimage.com/168x175.bmp/5fa2dd/ffffff;27
http://dummyimage.com/161x148.bmp/cc0000/ffffff;54
http://dummyimage.com/192x122.jpg/5fa2dd/ffffff;60
http://dummyimage.com/225x181.bmp/ff4444/ffffff;99
http://dummyimage.com/109x133.bmp/5fa2dd/ffffff;55
http://dummyimage.com/156x167.png/cc0000/ffffff;26
http://dummyimage.com/191x205.png/5fa2dd/ffffff;40
http://dummyimage.com/219x166.jpg/ff4444/ffffff;85
http://dummyimage.com/105x178.bmp/ff4444/ffffff;26
http://dummyimage.com/121x121.png/ff4444/ffffff;67
http://dummyimage.com/200x217.jpg/cc0000/ffffff;88
http://dummyimage.com/123x207.bmp/dddddd/000000;66
http://dummyimage.com/108x225.bmp/cc0000/ffffff;60
http://dummyimage.com/232x141.png/cc0000/ffffff;11
