e-mail;nif;localização;avatar
blocknerb@com.com;761144657;Grim Way;https://robohash.org/velitfugadeserunt.png?size=50x50&set=set1
vmacgrathc@dyndns.org;339937270;Trailsway Hill;https://robohash.org/etsequiiure.bmp?size=50x50&set=set1
rshipperbottomd@bloglines.com;439822455;Maple Hill;https://robohash.org/voluptatemmagnamea.jpg?size=50x50&set=set1
emullindere@youku.com;828998490;Paget Drive;https://robohash.org/sitsedexplicabo.png?size=50x50&set=set1
blustyf@skyrock.com;611353051;Derek Circle;https://robohash.org/placeatiustonumquam.png?size=50x50&set=set1
jadamog@fema.gov;367530673;Pond Crossing;https://robohash.org/rerumculpavoluptatem.jpg?size=50x50&set=set1
gdrewetth@theguardian.com;386402583;Pearson Way;https://robohash.org/recusandaeistenemo.bmp?size=50x50&set=set1
cmaccafferyi@weebly.com;337185111;Rutledge Lane;https://robohash.org/consequaturpraesentiumitaque.jpg?size=50x50&set=set1
bmatiebej@github.com;466502990;Forest Run Drive;https://robohash.org/numquamconsecteturinventore.bmp?size=50x50&set=set1
edit@google.cn;755058894;Maple Wood Point;https://robohash.org/verolaboruma.jpg?size=50x50&set=set1
lnowakowskau@jimdo.com;277717228;Buhler Crossing;https://robohash.org/assumendasedducimus.png?size=50x50&set=set1
docleryv@go.com;666037077;Evergreen Crossing;https://robohash.org/maioresdolorumlaborum.jpg?size=50x50&set=set1
rneillansw@accuweather.com;633732011;Brickson Park Alley;https://robohash.org/abdoloresdignissimos.png?size=50x50&set=set1
otrankx@ocn.ne.jp;456865047;Bultman Alley;https://robohash.org/placeatrecusandaedolor.bmp?size=50x50&set=set1
esteffensy@mapquest.com;810403431;Larry Circle;https://robohash.org/doloresanimised.jpg?size=50x50&set=set1
sscadez@samsung.com;742207392;Di Loreto Street;https://robohash.org/modidebitisvelit.png?size=50x50&set=set1
ddun10@ucoz.com;330208300;Menomonie Point;https://robohash.org/nonnatusincidunt.bmp?size=50x50&set=set1
broll11@google.co.jp;870507279;Stone Corner Way;https://robohash.org/maioresetfuga.bmp?size=50x50&set=set1
dtozer12@prlog.org;153084823;Green Ridge Junction;https://robohash.org/nondoloremmollitia.jpg?size=50x50&set=set1
tbantock13@barnesandnoble.com;934668938;Walton Crossing;https://robohash.org/mollitiaidaperiam.jpg?size=50x50&set=set1
wpirdue1h@businesswire.com;253523859;Buell Plaza;https://robohash.org/quibusdamerrorsit.jpg?size=50x50&set=set1
hblamey1i@stumbleupon.com;881857211;Union Street;https://robohash.org/quiaveromaiores.jpg?size=50x50&set=set1
tsappson1j@nsw.gov.au;281521521;Bunker Hill Crossing;https://robohash.org/maximeminusdolorem.png?size=50x50&set=set1
efishbourne1k@cbslocal.com;692773529;Jenna Way;https://robohash.org/voluptatemnonmodi.png?size=50x50&set=set1
sedmonston1l@fc2.com;503375088;Debra Court;https://robohash.org/etblanditiisab.jpg?size=50x50&set=set1
lcawdell1m@123-reg.co.uk;203110904;Jenna Point;https://robohash.org/sapienteipsaut.png?size=50x50&set=set1
