e-mail;nome;Evento;telefone
vlangfield0@odnoklassniki.ru;Vilma Langfield;2019;700421838
lwerrilow1@reddit.com;Linus Werrilow;2014;535042484
dembra2@yolasite.com;Daren Embra;2013;842984987
dnapoleon3@mac.com;Daloris Napoleon;2015;954093678
rshynn4@elegantthemes.com;Ross Shynn;2019;462124015
dboraston5@mozilla.com;Duncan Boraston;2020;542026363
sskip6@slideshare.net;Shir Skip;2016;591335782
gsympson7@nytimes.com;Gawain Sympson;2019;604827748
aawcoate8@fotki.com;Alfy Awcoate;2017;717902003
rizakoff9@fema.gov;Buckridge, Grimes and Green;2017;353721261
jelizabetha@wunderground.com;Spinka, Wolff and Abshire;2020;939910655
blocknerb@com.com;Beer LLC;2018;288988572
vmacgrathc@dyndns.org;Blick, Huels and Schamberger;2017;650995853
rshipperbottomd@bloglines.com;Stracke Group;2016;232788400
emullindere@youku.com;Sipes, Koss and Langosh;2013;456869642
blustyf@skyrock.com;Lehner, Donnelly and Stroman;2014;923015432
jadamog@fema.gov;Glover, Barrows and Smith;2015;938948924
gdrewetth@theguardian.com;Pacocha, Konopelski and Stiedemann;2019;112993605
cmaccafferyi@weebly.com;Howe, Hills and Collins;2017;350790286
bmatiebej@github.com;Hamill Inc;2017;518692915
tmannoochk@pbs.org;Roberto Robardey;2014;516286616
msigsworthl@wsj.com;Othilia McKilroe;2019;316148720
rrobardeym@mapy.cz;Marna McCarver;2016;920928238
omckilroen@newsvine.com;Craggie Falloon;2020;464524681
mmccarvero@kickstarter.com;Wallie Lawrinson;2013;246432900
cfalloonp@tinyurl.com;Everard Ellwell;2018;769362902
wlawrinsonq@printfriendly.com;Gerianne Darnbrough;2017;160123524
eellwellr@homestead.com;Eyde di Rocca;2013;219784625
gdarnbroughs@wufoo.com;Lock Nowakowska;2016;468675878
edit@google.cn;Cummerata, Smith and Leffler;2020;547794676
lnowakowskau@jimdo.com;Friesen-Farrell;2015;705197000
docleryv@go.com;Watsica, Davis and Nikolaus;2019;882007737
rneillansw@accuweather.com;Christiansen and Sons;2013;642316664
otrankx@ocn.ne.jp;Collins, Lockman and Barton;2016;546040409
esteffensy@mapquest.com;Hessel, Moore and Parisian;2019;209130777
sscadez@samsung.com;Strosin-Schuppe;2020;470824540
ddun10@ucoz.com;Beahan and Sons;2013;912846987
broll11@google.co.jp;Osinski, Mills and Huels;2015;281380932
dtozer12@prlog.org;Ebert-Littel;2017;124691101
tbantock13@barnesandnoble.com;Nitzsche, Schamberger and Stroman;2018;146477166
hcalderonello14@plala.or.jp;Gretna Esplin;2018;270633804
rofeeney15@yellowbook.com;Isabella Priter;2020;369010889
gtames16@cbc.ca;Cariotta Krale;2016;885545233
mwoan17@canalblog.com;Gusty Bixley;2014;163917355
vlambot18@sciencedaily.com;Albina Meah;2015;587894608
ronthank19@istockphoto.com;Hanni Cordelette;2015;345593153
gesplin1a@nhs.uk;Malina Dachs;2015;886566469
ipriter1b@ft.com;Wilmar Pirdue;2013;436307410
ckrale1c@slate.com;Howie Blamey;2014;321079084
gbixley1d@studiopress.com;Talia Sappson;2019;125188492
ameah1e@ucsd.edu;Eziechiele Fishbourne;2015;387788195
hcordelette1f@wordpress.com;Sonnnie Edmonston;2014;178023901
mdachs1g@yellowpages.com;Lettie Cawdell;2016;999301707
wpirdue1h@businesswire.com;Wunsch LLC;2013;308720078
hblamey1i@stumbleupon.com;Schinner-Klocko;2020;864594464
tsappson1j@nsw.gov.au;Friesen, Wolff and Considine;2016;158586297
efishbourne1k@cbslocal.com;Lang-Cormier;2020;509572653
sedmonston1l@fc2.com;Terry Inc;2013;893949245
lcawdell1m@123-reg.co.uk;Kihn Inc;2013;981113689
